time;x;y;z;roll;pitch;yaw
0.0;1.1471015214920044;0.8351259827613831;2.5293397903442383;0.0;0.0;-0.10559765610263439
