time;x;y;z;roll;pitch;yaw
0.0;1.1060419082641602;0.6858980655670166;2.749884843826294;0.2502044317113336;0.23291953720277817;-0.3229593450687552
