time;x;y;z;roll;pitch;yaw
0.0;1.2996816635131836;-0.16365069150924683;1.9169272184371948;-1.9233421658256682;-0.220327988849618;0.03131510456892501
