time;x;y;z;roll;pitch;yaw
0.0;0.7658010125160217;-0.17443709075450897;2.720459222793579;-0.0056724902283313205;-0.07163545700870734;0.487746485076277
