time;x;y;z;roll;pitch;yaw
0.0;0.47824907302856445;-0.6752504706382751;2.953887462615967;1.5835366274405038e-09;0.1979753185969069;0.39997521338023195
