time;x;y;z;roll;pitch;yaw
0.0;1.0447266101837158;0.15620656311511993;1.9666075706481934;0.0;-0.0;0.0
