x;y;z;roll;pitch;yaw
1.07891845703125;0.4950489699840546;2.567189931869507;0.0;0.0;-0.19756090124778877
