time;x;y;z;roll;pitch;yaw
0.0;0.8576607704162598;0.6123273968696594;2.931053876876831;-0.05012233490833315;0.1035201370449874;-0.2993151851062969
