time;x;y;z;roll;pitch;yaw
0.0;0.19927550852298737;-1.2441253662109375;2.5;0.0;-0.0;0.40873586658744776
